n_trades,total_return,win_rate,sharpe_ratio,max_drawdown
560,-0.9466592852835333,0.375,-3.7634128684982318,-0.9652679091919363
