n_trades,total_return,win_rate,sharpe_ratio,max_drawdown
394,0.8510310616701271,0.5456852791878173,1.2770187085881997,-0.30355163378763267
