n_trades,total_return,win_rate,sharpe_ratio,max_drawdown
563,5.694927357367747,0.6163410301953819,2.4286485134512144,-0.721127398617147
