n_trades,total_return,bh_return,win_rate,sharpe_ratio,bh_sharpe,max_drawdown
155,0.1651976608577641,0.40250095810836756,0.5161290322580645,0.34826295673786223,0.898889589125857,-0.14103383528388785
