n_trades,total_return,win_rate,sharpe_ratio,max_drawdown
395,1.273143982262293,0.549367088607595,1.9950883892693174,-0.25318107635037407
