n_trades,total_return,win_rate,sharpe_ratio,max_drawdown
267,0.016812710205998282,0.5468164794007491,0.13510197929815546,-0.4264262383175143
