n_trades,total_return,win_rate,sharpe_ratio,max_drawdown
565,-0.3469555889602557,0.4654867256637168,-0.6239958194837184,-0.6022393573885034
