n_trades,total_return,win_rate,sharpe_ratio,max_drawdown
565,2.021983853598633,0.5858407079646017,2.0127764188159936,-0.4444747245487402
