n_trades,total_return,win_rate,sharpe_ratio,max_drawdown
563,-0.894113024940654,0.38010657193605685,-2.442611026013318,-0.966048562056738
