n_trades,total_return,win_rate,sharpe_ratio,max_drawdown
237,-0.12154402449847523,0.46835443037974683,-0.1902539248489362,-0.48794330093816324
