n_trades,total_return,win_rate,sharpe_ratio,max_drawdown
561,-0.94724875849558,0.37433155080213903,-3.7781826530031584,-0.965651736766024
