n_trades,total_return,win_rate,sharpe_ratio,max_drawdown
565,2.0431771410354953,0.5805309734513274,2.024840379488429,-0.44447472454874
