n_trades,total_return,win_rate,sharpe_ratio,max_drawdown
502,-0.3639777272725453,0.4541832669322709,-0.687820685090132,-0.6126426488391599
