{"loss": [0.002872972982004285, 0.0009135313448496163, 0.0006695199408568442, 0.0005479982937686145, 0.0004654423100873828, 0.0004177394730504602, 0.0004160770040471107, 0.00037751972558908165, 0.0003718443331308663, 0.00036620255559682846, 0.0003482059109956026, 0.00036257546162232757, 0.00033825566060841084, 0.00033905633608810604, 0.0003212803858332336, 0.0003188319387845695, 0.00034005753695964813, 0.0003003947203978896, 0.0003021728771273047, 0.00031758376280777156, 0.00030110651277936995, 0.0002828796859830618, 0.0002829699369613081, 0.00029064028058201075, 0.0002651504473760724, 0.0002811788290273398, 0.0002673575945664197, 0.00025729674962349236, 0.00026215825346298516, 0.0002648397348821163, 0.00024870308698154986, 0.00026193365920335054, 0.000262495712377131, 0.0002666848886292428, 0.00024011978530324996, 0.0002379120560362935, 0.0002430802705930546, 0.00023514409258496016, 0.0002429330925224349, 0.00023675370903220028, 0.0002480866096448153, 0.00023754547873977572, 0.00024105203920044005, 0.00023126212181523442, 0.0002343806845601648, 0.00023812659492250532, 0.00023101651459001005], "mean_absolute_error": [0.035623807460069656, 0.021709436550736427, 0.018672462552785873, 0.01703704334795475, 0.015999767929315567, 0.014939623884856701, 0.015008749440312386, 0.01443047821521759, 0.01414927002042532, 0.013972286134958267, 0.013901819474995136, 0.013861779123544693, 0.013530162163078785, 0.013556682504713535, 0.013099733740091324, 0.013128146529197693, 0.013459866866469383, 0.012663839384913445, 0.012545648030936718, 0.012942306697368622, 0.012624955736100674, 0.012120355851948261, 0.012049554847180843, 0.012436946853995323, 0.011866624467074871, 0.012179560028016567, 0.011875779367983341, 0.011497522704303265, 0.011774896644055843, 0.011775116436183453, 0.011439423076808453, 0.0116810267791152, 0.01176898367702961, 0.011815655045211315, 0.011335798539221287, 0.011317177675664425, 0.011309594847261906, 0.011082473210990429, 0.011363007128238678, 0.011102979071438313, 0.01137822587043047, 0.011154416017234325, 0.011150887235999107, 0.011027581989765167, 0.011175916530191898, 0.01126689463853836, 0.010869188234210014], "val_loss": [0.07572709023952484, 0.07222942262887955, 0.04333816096186638, 0.03719368204474449, 0.031345102936029434, 0.03782379627227783, 0.03989330679178238, 0.02455933392047882, 0.033547986298799515, 0.03156323730945587, 0.03232934698462486, 0.03441159054636955, 0.02821994014084339, 0.040447063744068146, 0.033488012850284576, 0.02438516914844513, 0.03188345208764076, 0.03451741486787796, 0.030662231147289276, 0.038244012743234634, 0.03673148155212402, 0.021952437236905098, 0.02988569624722004, 0.029333852231502533, 0.031286947429180145, 0.029364371672272682, 0.03698798269033432, 0.03740118816494942, 0.018706221133470535, 0.029722634702920914, 0.028900252655148506, 0.015361413359642029, 0.02199670672416687, 0.023633459582924843, 0.02712426707148552, 0.023505669087171555, 0.026750946417450905, 0.03250981867313385, 0.023333856835961342, 0.022082258015871048, 0.017559034749865532, 0.02588510885834694, 0.02364788018167019, 0.022527536377310753, 0.031144598498940468, 0.022341158241033554, 0.037232670933008194], "val_mean_absolute_error": [0.23799920082092285, 0.22850006818771362, 0.17611804604530334, 0.1615433543920517, 0.1465628296136856, 0.15953576564788818, 0.16482581198215485, 0.12387816607952118, 0.15406326949596405, 0.14777091145515442, 0.1472804993391037, 0.15513809025287628, 0.13776889443397522, 0.1668427586555481, 0.15150582790374756, 0.12802569568157196, 0.14850987493991852, 0.15410065650939941, 0.14569757878780365, 0.16171829402446747, 0.1609697937965393, 0.11860670894384384, 0.13967905938625336, 0.14109830558300018, 0.14937742054462433, 0.1423255354166031, 0.1594364047050476, 0.15880699455738068, 0.1127510592341423, 0.14690016210079193, 0.14228399097919464, 0.10294874757528305, 0.127777099609375, 0.13045166432857513, 0.13779549300670624, 0.12452322989702225, 0.13269776105880737, 0.15086786448955536, 0.12761345505714417, 0.1239442452788353, 0.10595034062862396, 0.1332339495420456, 0.12708765268325806, 0.12264751642942429, 0.14424806833267212, 0.11795762181282043, 0.159847691655159]}