{"loss": [0.0024922890588641167, 0.0009566285298205912, 0.0006144673097878695, 0.000528814154677093, 0.00045341235818341374, 0.00041458153282292187, 0.00037634707405231893, 0.0003609484410844743, 0.00037505454383790493, 0.0003642594092525542, 0.00034500815672799945, 0.0003159663756377995, 0.0003247691784054041, 0.0003093311679549515, 0.0003015597176272422, 0.0003051322419196367, 0.0002770962892100215, 0.00028440190362744033, 0.00027549342485144734, 0.00027491661603562534, 0.000267136754700914, 0.0002635712444316596, 0.0002702807541936636, 0.00025858951266855, 0.00025123381055891514, 0.0002335691242478788], "mean_absolute_error": [0.033359345048666, 0.02194450981914997, 0.017859922721982002, 0.01694478467106819, 0.015650369226932526, 0.014936301857233047, 0.014426937326788902, 0.01414650958031416, 0.014308156445622444, 0.0139593705534935, 0.013603601604700089, 0.013029241003096104, 0.013138532638549805, 0.012849167920649052, 0.012608727440237999, 0.012769904918968678, 0.012254622764885426, 0.012435631826519966, 0.012262704782187939, 0.012041162699460983, 0.011953755281865597, 0.011795680969953537, 0.011964192613959312, 0.011722254566848278, 0.011481375433504581, 0.011234760284423828], "val_loss": [0.06754644960165024, 0.05160234868526459, 0.03957619518041611, 0.03683627024292946, 0.0334232896566391, 0.02432054840028286, 0.020120711997151375, 0.032853152602910995, 0.028901470825076103, 0.02467912808060646, 0.017014773562550545, 0.02314329519867897, 0.02031894214451313, 0.025244712829589844, 0.021485015749931335, 0.040347181260585785, 0.02206806279718876, 0.03430260717868805, 0.023432886227965355, 0.021735867485404015, 0.03673224523663521, 0.02546132728457451, 0.02960113435983658, 0.028144055977463722, 0.039941463619470596, 0.031755004078149796], "val_mean_absolute_error": [0.22618256509304047, 0.1941155344247818, 0.16858822107315063, 0.16169890761375427, 0.15651582181453705, 0.13224013149738312, 0.11923904716968536, 0.15641464293003082, 0.14365118741989136, 0.13289698958396912, 0.10698020458221436, 0.13052193820476532, 0.12167304009199142, 0.13782112300395966, 0.12575995922088623, 0.17639879882335663, 0.129771888256073, 0.16146016120910645, 0.1326354444026947, 0.12441936880350113, 0.1606089025735855, 0.13509885966777802, 0.1487109214067459, 0.14412184059619904, 0.17094548046588898, 0.1481132060289383]}