{"loss": [0.003790147602558136, 0.0009794642683118582, 0.0005968055338598788, 0.00046802632277831435, 0.00041176032391376793, 0.00039786964771337807, 0.00037396722473204136, 0.00034160498762503266, 0.00033985142363235354, 0.0003397522959858179, 0.000326928828144446, 0.00033213640563189983, 0.0002975311945192516, 0.00029951834585517645, 0.00029760500183328986, 0.00026877643540501595, 0.00028269560425542295, 0.0002704861981328577, 0.00025669977185316384, 0.00027715496253222227, 0.00028248815215192735, 0.0002708157990127802, 0.0002664021449163556, 0.0002915884251706302, 0.00026936284848488867, 0.00026856217300519347, 0.0002716124872677028, 0.00024377285444643348, 0.00024289870634675026], "mean_absolute_error": [0.0398036390542984, 0.022465454414486885, 0.017694445326924324, 0.015899881720542908, 0.014930479228496552, 0.014463291503489017, 0.014173751696944237, 0.013753395527601242, 0.013523024506866932, 0.013460596092045307, 0.013261998072266579, 0.013472492806613445, 0.01264932006597519, 0.012707666493952274, 0.01262875646352768, 0.011985880322754383, 0.01249204482883215, 0.012089177034795284, 0.011709621176123619, 0.011949213221669197, 0.012395747005939484, 0.011958601884543896, 0.01182461716234684, 0.012281371280550957, 0.011915188282728195, 0.011905171908438206, 0.011898456141352654, 0.011298179626464844, 0.011149473488330841], "val_loss": [0.04383523762226105, 0.05096161738038063, 0.04006064310669899, 0.0399186909198761, 0.03474311903119087, 0.03329675272107124, 0.039011821150779724, 0.035860780626535416, 0.03789025545120239, 0.037197310477495193, 0.04598246142268181, 0.04799206182360649, 0.0398060604929924, 0.029025848954916, 0.04657891392707825, 0.054221611469984055, 0.03896704316139221, 0.039345383644104004, 0.041458744555711746, 0.033385857939720154, 0.042789045721292496, 0.03732115402817726, 0.04536104574799538, 0.047435421496629715, 0.04696168377995491, 0.05082393437623978, 0.039506394416093826, 0.04302298277616501, 0.03624793142080307], "val_mean_absolute_error": [0.17801348865032196, 0.18919099867343903, 0.16091078519821167, 0.16699595749378204, 0.15216770768165588, 0.14950037002563477, 0.16306667029857635, 0.15611803531646729, 0.1564546525478363, 0.1584414690732956, 0.17847071588039398, 0.18034514784812927, 0.16043400764465332, 0.1375250518321991, 0.17684410512447357, 0.1909739226102829, 0.16065363585948944, 0.16339999437332153, 0.1644183099269867, 0.1462583690881729, 0.1652134358882904, 0.1610957533121109, 0.1703571379184723, 0.1741027534008026, 0.18061229586601257, 0.18636418879032135, 0.16418346762657166, 0.1725063920021057, 0.15457671880722046]}