{"loss": [0.002295515965670347, 0.0008238940499722958, 0.0005761655047535896, 0.0004600604297593236, 0.00040718322270549834, 0.0003761948610190302, 0.00036080373683944345, 0.00034723972203209996, 0.00034775162930600345, 0.00029759210883639753, 0.00032573300995863974, 0.00033081742003560066, 0.0002859492669813335, 0.00028664671117439866, 0.0002816133783198893, 0.00028140656650066376, 0.00026884343242272735, 0.00027245638193562627, 0.0002574824320618063, 0.0002649561211001128, 0.0002610844385344535, 0.00026106712175533175, 0.0002533723891247064, 0.00025421628379262984, 0.0002396476047579199, 0.00022565694234799594, 0.00023439715732820332, 0.00022500220802612603, 0.00023368043184746057, 0.00021035954705439508, 0.00021434268273878843, 0.00021355516219045967, 0.00020327452511992306, 0.00021449566702358425, 0.00021320802625268698, 0.00020370117272250354, 0.00022001250181347132, 0.00020707851217593998, 0.00020219404541421682], "mean_absolute_error": [0.032132748514413834, 0.020749462768435478, 0.01737515814602375, 0.015756376087665558, 0.014710799790918827, 0.014197831973433495, 0.013988977298140526, 0.013692901469767094, 0.013715182431042194, 0.012914827093482018, 0.013351979665458202, 0.013495748862624168, 0.012607824057340622, 0.012582728639245033, 0.012545689009130001, 0.012478169985115528, 0.012152709998190403, 0.012185388244688511, 0.011884225532412529, 0.01213674247264862, 0.011799879372119904, 0.011980127543210983, 0.011802708730101585, 0.01178231555968523, 0.011436756700277328, 0.011206071823835373, 0.011258600279688835, 0.011203092522919178, 0.011154431849718094, 0.010719780810177326, 0.010765229351818562, 0.01082990039139986, 0.010503862984478474, 0.010789786465466022, 0.010798057541251183, 0.01055346243083477, 0.010783261619508266, 0.010700071230530739, 0.010462532751262188], "val_loss": [0.05598003417253494, 0.04618464410305023, 0.03257770836353302, 0.0249611958861351, 0.036516133695840836, 0.03855733945965767, 0.02619500271975994, 0.021911052986979485, 0.027674084529280663, 0.020421385765075684, 0.026478096842765808, 0.03416866064071655, 0.0248575396835804, 0.02890724502503872, 0.0316283144056797, 0.02936474420130253, 0.02170012891292572, 0.029848383739590645, 0.028249194845557213, 0.027879321947693825, 0.03767641261219978, 0.0264882892370224, 0.03173214569687843, 0.016342269256711006, 0.024163125082850456, 0.02912251092493534, 0.028508642688393593, 0.02732149325311184, 0.02264980971813202, 0.02982756868004799, 0.02762245573103428, 0.029693718999624252, 0.025652719661593437, 0.028716115280985832, 0.03406800702214241, 0.02684265561401844, 0.02756519429385662, 0.036553505808115005, 0.02159366011619568], "val_mean_absolute_error": [0.1968822479248047, 0.1770118623971939, 0.14184744656085968, 0.12354227155447006, 0.15481337904930115, 0.163466215133667, 0.1298055648803711, 0.11520340293645859, 0.13321706652641296, 0.11216457188129425, 0.13167990744113922, 0.1551751047372818, 0.13010646402835846, 0.1436218023300171, 0.1507396548986435, 0.14548999071121216, 0.1261720210313797, 0.14707377552986145, 0.14404183626174927, 0.14420758187770844, 0.1701505035161972, 0.14165396988391876, 0.15609054267406464, 0.10909876227378845, 0.1316053867340088, 0.14853501319885254, 0.14582407474517822, 0.14348073303699493, 0.1288585513830185, 0.14618152379989624, 0.13979655504226685, 0.14482729136943817, 0.13507921993732452, 0.14175620675086975, 0.15991981327533722, 0.1410578042268753, 0.1437029242515564, 0.1631288379430771, 0.12634216248989105]}