n_trades,total_return,win_rate,sharpe_ratio,max_drawdown
343,1.9784533753879723,0.6122448979591837,2.833995294469264,-0.17233387684505772
