n_trades,total_return,win_rate,sharpe_ratio,max_drawdown
472,-0.3300313803040854,0.4555084745762712,-0.6087918131165817,-0.6465577997562469
