n_trades,total_return,win_rate,sharpe_ratio,max_drawdown
565,1.7745824083960007,0.5309734513274337,1.3571010017030762,-0.6497967079524627
