n_trades,total_return,win_rate,sharpe_ratio,max_drawdown
532,-0.4461456169745791,0.43609022556390975,-0.9351727179934115,-0.7100899189198052
