n_trades,total_return,win_rate,sharpe_ratio,max_drawdown
493,-0.41171337029146304,0.4381338742393509,-0.8348428577834319,-0.6907381596132435
