n_trades,total_return,win_rate,sharpe_ratio,max_drawdown
453,-0.30338763698941695,0.445916114790287,-0.5988389303979461,-0.6426563966984465
