n_trades,total_return,win_rate,sharpe_ratio,max_drawdown
417,1.4579399732962943,0.592326139088729,1.8028377186398752,-0.4526378769465365
