n_trades,total_return,win_rate,sharpe_ratio,max_drawdown
445,-0.27422268357059076,0.45393258426966293,-0.49537395219913827,-0.601300410173813
