n_trades,total_return,win_rate,sharpe_ratio,max_drawdown
286,1.244876133272785,0.527972027972028,1.8291444409807696,-0.39429791574022843
