n_trades,total_return,win_rate,sharpe_ratio,max_drawdown
360,1.0193202219062982,0.575,1.5016579709757663,-0.40599836237045234
