n_trades,total_return,win_rate,sharpe_ratio,max_drawdown
565,1.4417824271906032,0.5752212389380531,1.7068630801560938,-0.46303670122549734
