n_trades,total_return,win_rate,sharpe_ratio,max_drawdown
560,-0.6074322111914685,0.43214285714285716,-1.527074561541849,-0.7211830151421578
