n_trades,total_return,win_rate,sharpe_ratio,max_drawdown
373,0.10174233257254306,0.5093833780160858,0.3609472729947724,-0.32930995500894217
