n_trades,total_return,win_rate,sharpe_ratio,max_drawdown
561,-0.8937991796790484,0.37967914438502676,-2.439237803028426,-0.9659479311914476
