{"loss": [0.006779908202588558, 0.00274298177100718, 0.0017919425154104829, 0.0014296494191512465, 0.0011665478814393282, 0.001139537082053721, 0.0010649280156940222, 0.0010348805226385593, 0.0009745415300130844, 0.0008908603340387344, 0.0008568959310650826, 0.0008690374088473618, 0.0008234636043198407, 0.0007835287833586335, 0.000766332377679646, 0.0007611718610860407, 0.0007348270737566054, 0.0007833003764972091, 0.0007375411223620176, 0.0007313410169444978, 0.0007087250123731792, 0.0006987467058934271, 0.0007132584578357637], "mean_absolute_error": [0.05495039373636246, 0.03581906855106354, 0.029272036626935005, 0.026234306395053864, 0.023886632174253464, 0.023654723539948463, 0.023231787607073784, 0.0229028332978487, 0.022297993302345276, 0.02144225500524044, 0.02132759429514408, 0.021389620378613472, 0.02084208093583584, 0.020113324746489525, 0.019868748262524605, 0.019992785528302193, 0.019545700401067734, 0.019784769043326378, 0.01934877410531044, 0.01933426782488823, 0.018984191119670868, 0.01884625107049942, 0.018983665853738785], "val_loss": [0.020120661705732346, 0.020251348614692688, 0.0167576614767313, 0.012681085616350174, 0.01189876627177, 0.009681136347353458, 0.014089501462876797, 0.008189352229237556, 0.017629915848374367, 0.025014322251081467, 0.029136445373296738, 0.029181990772485733, 0.02224632352590561, 0.015620657242834568, 0.012317982502281666, 0.01623520813882351, 0.0202415082603693, 0.018397429957985878, 0.027677075937390327, 0.015147932805120945, 0.0134131433442235, 0.022768519818782806, 0.028149645775556564], "val_mean_absolute_error": [0.13591749966144562, 0.13723619282245636, 0.12383341789245605, 0.10648223012685776, 0.1027609258890152, 0.0923733338713646, 0.11279141902923584, 0.08404266089200974, 0.12609872221946716, 0.15040399134159088, 0.1627267301082611, 0.16305460035800934, 0.141666442155838, 0.11867208778858185, 0.1032051146030426, 0.12009751051664352, 0.13248875737190247, 0.12758693099021912, 0.1581985056400299, 0.11486472189426422, 0.1082523763179779, 0.14352896809577942, 0.15969446301460266]}