n_trades,total_return,win_rate,sharpe_ratio,max_drawdown
545,-0.6575081426258449,0.41467889908256883,-1.789005736133473,-0.8012843851660643
