n_trades,total_return,win_rate,sharpe_ratio,max_drawdown
101,0.16729924217339343,0.5247524752475248,0.723753524897243,-0.17278061677144113
