n_trades,total_return,win_rate,sharpe_ratio,max_drawdown
548,-0.8112530502889053,0.39233576642335766,-1.7725024844373134,-0.947133684060247
