n_trades,total_return,win_rate,sharpe_ratio,max_drawdown
561,1.4151168983689906,0.5632798573975044,1.6879736104922802,-0.43096723505993373
