n_trades,total_return,win_rate,sharpe_ratio,max_drawdown
220,-0.6899556107099953,0.37727272727272726,-2.5209636512252094,-0.7429537738879326
