n_trades,total_return,win_rate,sharpe_ratio,max_drawdown
533,-0.5691048010680888,0.4333958724202627,-1.5247585054669939,-0.695126769815611
