n_trades,total_return,win_rate,sharpe_ratio,max_drawdown
381,1.017963916114104,0.5905511811023622,1.49899498362758,-0.44420670711494414
