n_trades,total_return,win_rate,sharpe_ratio,max_drawdown
525,-0.6371511945980755,0.42095238095238097,-1.7671754808903877,-0.7632918354480123
