n_trades,total_return,win_rate,sharpe_ratio,max_drawdown
561,8.673315475734517,0.5918003565062389,3.2015837648147905,-0.41475700302187624
