,precision,recall,f1-score,support
0,0.20610687022900764,0.2727272727272727,0.23478260869565218,99.0
1,0.0,0.0,0.0,286.0
2,0.3488372093023256,0.8522727272727273,0.49504950495049505,176.0
accuracy,0.3155080213903743,0.3155080213903743,0.3155080213903743,0.3155080213903743
macro avg,0.18498135984377773,0.375,0.2432773712153824,561.0
weighted avg,0.14581092511565252,0.3155080213903743,0.19674187367585863,561.0
