n_trades,total_return,win_rate,sharpe_ratio,max_drawdown
338,-0.7326543611096588,0.42011834319526625,-2.1309079463030765,-0.8234524942270673
