n_trades,total_return,win_rate,sharpe_ratio,max_drawdown
429,-0.9106714116958462,0.358974358974359,-3.562761612468037,-0.9385803949188003
