n_trades,total_return,win_rate,sharpe_ratio,max_drawdown
532,-0.7158290043787389,0.41353383458646614,-1.2598652339891376,-0.9371638257187198
