n_trades,total_return,win_rate,sharpe_ratio,max_drawdown
486,-0.5093184130444633,0.43415637860082307,-1.1579232242006927,-0.7212638324173998
