n_trades,total_return,win_rate,sharpe_ratio,max_drawdown
260,0.03087044199675093,0.5,0.16568717519427242,-0.3676180835407834
