n_trades,total_return,win_rate,sharpe_ratio,max_drawdown
565,1.2857202634355467,0.5752212389380531,1.5889235524191185,-0.46303670122549717
