n_trades,total_return,win_rate,sharpe_ratio,max_drawdown
553,0.657347057715268,0.488245931283906,0.8338934724607927,-0.7897603471028624
