n_trades,total_return,win_rate,sharpe_ratio,max_drawdown
475,0.034864204414023936,0.47157894736842104,0.1967040070507121,-0.5168137661153199
