n_trades,total_return,win_rate,sharpe_ratio,max_drawdown
499,-0.5301148768663353,0.42685370741482964,-1.3794400278688166,-0.7376587171528352
