n_trades,total_return,bh_return,win_rate,sharpe_ratio,bh_sharpe,max_drawdown
57,0.1424084466579265,0.3029779661569886,0.5263157894736842,0.4562290214282726,0.898889589125857,-0.058406842442144086
