n_trades,total_return,win_rate,sharpe_ratio,max_drawdown
416,1.394423788039851,0.5889423076923077,1.7813725403768759,-0.46303670122549717
