n_trades,total_return,win_rate,sharpe_ratio,max_drawdown
503,-0.9163872542139189,0.3856858846918489,-3.275964068697795,-0.9449551855380096
