n_trades,total_return,win_rate,sharpe_ratio,max_drawdown
533,-0.6210810898675443,0.4202626641651032,-1.636461737352703,-0.7739018270338274
