n_trades,total_return,win_rate,sharpe_ratio,max_drawdown
561,-0.7640394520622431,0.44206773618538325,-1.7270712538305473,-0.8597274329188077
