n_trades,total_return,win_rate,sharpe_ratio,max_drawdown
443,-0.783103412537559,0.4018058690744921,-3.2379359440868383,-0.7812634976214623
