n_trades,total_return,win_rate,sharpe_ratio,max_drawdown
474,-0.25325077750065605,0.44936708860759494,-0.4072664601763244,-0.6605763491702197
