n_trades,total_return,win_rate,sharpe_ratio,max_drawdown
365,0.7359075303735987,0.5753424657534246,1.2192510496005442,-0.4575463860138472
