n_trades,total_return,win_rate,sharpe_ratio,max_drawdown
556,1.7572091250611104,0.5683453237410072,1.9262044781095629,-0.4630367012254975
