n_trades,total_return,win_rate,sharpe_ratio,max_drawdown
565,1.282912671467169,0.5663716814159292,1.5867499674072438,-0.5270775893134483
